round,avg_accuracy
1,0.3866
2,0.47890000000000005
3,0.5288
4,0.5753000000000001
5,0.6054999999999999
