round,avg_loss
1,1.7320022948086262
2,1.4564583206549286
3,1.6284089148044587
4,1.7617268119938672
5,1.780430563632399
