round,avg_accuracy
1,0.0
1,0.36819999999999997
2,0.0
2,0.4569
3,0.0
3,0.49539999999999995
4,0.0
4,0.5637000000000001
5,0.0
5,0.5962999999999999
