round,avg_accuracy
1,0.3648000000000001
2,0.453
3,0.5059999999999999
4,0.5661000000000002
5,0.6218999999999999
