round,avg_loss
1,1.827630666643381
2,1.5934595860540868
3,1.8119466092437506
4,2.073103635199368
5,2.2347723841667175
