round,avg_accuracy
1,0.0
1,0.4001
2,0.0
2,0.4943999999999999
3,0.0
3,0.5429
4,0.0
4,0.5846000000000001
5,0.0
5,0.6214999999999999
