round,avg_loss
1,1.8122708775103091
2,1.733562821149826
3,2.3966442957520484
4,2.5290310670621694
5,2.6535035216249527
