round,avg_accuracy
1,0.0
1,0.38930000000000003
2,0.0
2,0.471
3,0.0
3,0.5074000000000001
4,0.0
4,0.5764
5,0.0
5,0.6056999999999999
