round,avg_loss
1,1.8898449443280696
2,1.5311658520251512
3,1.756849173642695
4,1.908150151744485
5,2.1915155936032535
