round,avg_accuracy
1,0.398
2,0.5020999999999999
3,0.5627
4,0.6062999999999998
5,0.6423
