round,avg_accuracy
1,0.35100000000000003
2,0.4807999999999999
3,0.5342000000000001
4,0.5640999999999999
5,0.6153
